toi,ctoi_alias,tfopwg_disp,tfopwg_disp_pred
4123.01,153896150.0,PC,PC
1670.01,441739020.0,CP,CP
1824.01,142387023.0,CP,CP
6700.01,167085203.0,PC,PC
1918.01,308425348.0,FP,FP
4632.01,336075472.0,PC,PC
316.01,8988289.01,APC,FP
5921.01,286545058.0,PC,PC
6323.01,63586213.01,PC,PC
5759.01,317594531.0,PC,PC
2439.01,274194927.0,PC,PC
6520.01,382688257.0,PC,PC
4398.01,214243287.0,APC,PC
2235.01,267093376.0,APC,PC
2965.01,146841337.0,PC,PC
4259.01,268643535.0,PC,APC
4325.01,202185707.0,PC,CP
420.01,408159788.0,FP,FP
6219.01,252585354.0,PC,PC
5137.01,14570132.01,PC,PC
2106.01,393911494.0,FP,FP
2719.01,176314383.0,CP,PC
3350.01,4959676.01,PC,PC
2469.01,117843067.0,FP,FP
3364.01,280655495.0,CP,CP
551.01,192826603.0,KP,CP
5078.01,303523128.0,PC,CP
5956.01,236785891.0,PC,PC
6224.01,66726479.01,PC,PC
3501.01,98957720.01,APC,FP
4493.01,263218688.0,PC,FP
5449.01,119130170.0,PC,PC
111.01,355703913.0,KP,PC
1710.01,445805961.0,CP,CP
4477.01,64531556.01,FP,PC
6324.01,372207328.0,CP,CP
859.01,150430484.0,PC,PC
921.01,278775625.0,PC,PC
5314.01,302202317.0,PC,PC
5143.02,281837575.0,PC,PC
3211.01,323002911.0,PC,PC
3831.01,393853275.0,PC,PC
6655.02,304690618.0,PC,PC
1842.01,404505029.0,CP,CP
3764.01,275702126.0,PC,PC
6866.01,344224831.0,FP,PC
3165.01,419858461.0,PC,PC
6247.01,418301643.0,PC,PC
3566.01,169187982.0,FP,FP
3514.01,1870990135.0,PC,KP
2273.01,142117976.0,PC,PC
1683.01,58542531.01,CP,CP
2039.01,237071229.0,PC,PC
5339.01,101348333.0,PC,PC
1240.01,158170594.0,KP,KP
7228.01,397653875.0,PC,PC
3925.01,435167167.0,FP,FP
4540.01,388816604.0,PC,PC
6475.01,132314633.0,PC,PC
4664.01,299551666.0,PC,PC
4963.01,407827885.0,PC,PC
7103.01,197604890.0,PC,PC
1427.01,2041563029.0,FP,FP
1428.01,377304435.0,FP,FP
2677.01,398736713.0,PC,FP
4641.01,436873727.0,CP,CP
5729.01,103605399.0,PC,PC
4102.01,237235093.0,FP,PC
3347.01,131581531.0,FP,PC
7390.01,160075684.0,PC,PC
766.01,219698950.0,KP,KP
1128.01,425721385.0,FP,APC
6515.01,101961987.0,PC,PC
2500.01,206785987.0,PC,APC
3796.01,393251073.0,FP,FP
3216.01,306547699.0,FP,PC
7118.01,286382849.0,PC,PC
788.01,349829627.0,PC,FP
3947.01,336092760.0,PC,PC
3171.01,399058051.0,PC,PC
3206.01,321802774.0,PC,PC
1557.01,320506985.0,FP,FP
3751.01,284173938.0,PC,PC
3643.01,453230066.0,FP,FP
4951.01,448435566.0,PC,PC
4010.02,352682207.0,CP,CP
582.01,287474726.0,FP,FP
3245.01,203476998.0,PC,KP
1738.01,104208182.0,PC,CP
1948.01,31268146.01,FP,PC
2157.01,298495970.0,FP,FP
1102.01,311890977.0,FP,CP
2523.01,443213925.0,PC,PC
4355.01,260655847.0,PC,PC
6082.01,199712572.0,PC,PC
2794.01,232139628.0,PC,PC
644.01,63303499.01,FP,PC
5493.02,468979441.0,PC,PC
6461.01,123133954.0,PC,APC
2164.01,49967354.01,FP,FP
5070.01,319968129.0,FP,CP
6537.01,80384677.01,PC,PC
1901.01,19684256.01,KP,PC
6992.01,259330386.0,PC,PC
5677.01,287959034.0,APC,APC
4407.01,207238953.0,PC,PC
6131.01,357872559.0,PC,PC
4422.01,263748033.0,PC,KP
1233.01,260647166.0,CP,CP
945.01,167714792.0,PC,PC
847.01,231289421.0,PC,PC
5796.01,391958006.0,KP,KP
817.01,30312676.01,FP,FP
4480.01,377873569.0,KP,FP
4900.01,425508314.0,PC,PC
5545.01,301624989.0,PC,APC
5993.01,27534138.01,KP,PC
1877.01,233497719.0,FP,PC
7263.01,269130683.0,PC,PC
6067.01,198458010.0,PC,PC
1090.01,361034196.0,FP,FP
672.01,151825527.0,CP,CP
6558.01,420529106.0,PC,CP
2182.01,268823307.0,KP,KP
2392.02,149349867.0,PC,PC
2891.01,342167886.0,PC,PC
1338.01,260128333.0,CP,PC
2732.01,34466256.01,FP,APC
1885.01,258510872.0,CP,PC
5957.01,407653728.0,PC,PC
6099.01,118914286.0,PC,CP
412.01,7624182.01,FP,PC
2718.01,248655096.0,PC,PC
1585.01,444415148.0,FP,FP
3642.01,186614891.0,PC,PC
5539.01,178266267.0,PC,PC
5718.01,17932757.01,PC,PC
7195.01,62682198.01,PC,PC
5645.01,156377968.0,PC,PC
2114.01,9828416.01,PC,KP
7158.01,431033767.0,PC,PC
6580.01,170627138.0,PC,PC
3743.01,87091417.01,PC,PC
4056.01,232567319.0,PC,CP
1408.01,364186197.0,CP,APC
6572.01,124617560.0,PC,PC
6413.01,170466784.0,PC,PC
5134.01,95010343.01,FP,CP
2166.01,233680651.0,PC,FP
6850.01,9166136.01,PC,PC
3597.01,267650535.0,KP,KP
2942.01,3840990.01,PC,PC
2562.01,420177051.0,PC,PC
5412.01,386197662.0,PC,APC
2158.01,342642208.0,CP,PC
1466.01,237086564.0,PC,PC
5243.01,322504451.0,PC,PC
7045.01,21720215.01,PC,FP
1332.01,387664868.0,FP,FP
7101.01,444209952.0,PC,PC
7398.01,122706449.0,PC,PC
1224.01,299798795.0,CP,PC
2404.01,142087638.0,PC,FP
2709.01,452810326.0,PC,PC
3156.01,457110913.0,APC,APC
7387.01,300381700.0,PC,PC
915.01,259389219.0,FP,FP
1803.01,144401492.0,PC,PC
6245.01,446157122.0,PC,CP
3175.01,391510223.0,PC,PC
2599.01,235333495.0,PC,PC
1324.01,266688542.0,FP,FP
3213.01,314013231.0,APC,PC
3759.01,27244707.01,FP,PC
3043.01,360706000.0,PC,PC
1038.01,90544017.01,FP,FP
1704.01,95129101.01,FP,APC
855.01,269558487.0,PC,PC
1774.01,4897275.01,CP,CP
1063.01,406976746.0,PC,CP
3160.01,440872576.0,PC,PC
4350.01,50379036.01,PC,PC
4913.01,72401290.01,PC,PC
2766.01,284288093.0,APC,PC
1875.01,233047097.0,PC,PC
2964.01,439512298.0,PC,PC
2979.01,311252710.0,PC,PC
396.03,178155732.0,CP,CP
6105.01,182405015.0,PC,KP
4835.01,434428836.0,PC,FP
6463.01,180989820.0,PC,PC
5830.01,224418572.0,FP,FP
4861.01,71341774.01,PC,PC
5368.01,56457123.01,PC,PC
7281.01,198358065.0,PC,PC
221.01,316937670.0,FP,PC
3265.01,466167563.0,PC,PC
1359.01,416624606.0,FP,FP
6952.01,400466395.0,FP,PC
2543.01,270604417.0,CP,CP
4840.01,80029842.01,FP,PC
4823.01,348756659.0,PC,KP
6979.01,26078330.01,KP,PC
2715.01,311239796.0,PC,PC
7050.01,50592053.01,PC,APC
549.01,32830028.01,FP,CP
6316.01,444753130.0,PC,PC
4673.01,118573065.0,PC,PC
2104.05,367630162.1,PC,PC
3711.01,355008856.0,PC,PC
2637.01,349408306.0,APC,PC
7270.01,184527843.0,PC,PC
2640.01,135036669.0,PC,FP
321.01,175476629.0,FP,FA
3022.01,287721202.0,PC,PC
6978.01,320847025.0,PC,PC
1602.01,129991079.0,FA,FP
7080.01,366725641.0,PC,PC
235.01,280095254.0,PC,APC
2970.01,461136782.0,PC,PC
6654.01,278726770.0,PC,FP
5875.01,283165117.0,PC,PC
3142.01,387791274.0,PC,PC
6205.01,154351773.0,PC,PC
286.01,150030205.0,CP,CP
7480.01,71841620.01,KP,KP
1174.01,154089169.0,CP,CP
206.01,55650590.01,CP,PC
1442.01,235683377.0,CP,PC
697.01,77253676.01,APC,CP
852.01,29918916.01,PC,FP
3087.01,364427226.0,PC,PC
822.01,127530399.0,KP,CP
3116.01,80778619.01,PC,FP
4186.01,300579472.0,PC,PC
6077.01,196066560.0,PC,FP
4991.01,247180220.0,PC,PC
2898.01,308612785.0,PC,PC
5399.01,284688043.0,PC,PC
4160.01,441580526.0,PC,PC
2239.01,388130235.0,FP,PC
5829.01,363029616.0,PC,FP
2434.01,155001079.0,APC,FP
7439.01,335037151.0,PC,PC
3394.01,59536337.01,PC,PC
709.02,396720998.0,PC,PC
6260.01,60984804.01,PC,PC
3675.01,34646336.01,PC,PC
585.01,190990336.0,APC,APC
6030.01,245392284.0,KP,FP
4181.01,426017070.0,FP,FP
3104.01,132963419.0,PC,PC
5716.01,298074836.0,PC,CP
1279.01,224297258.0,CP,PC
6388.01,16776356.01,PC,PC
387.01,92359850.01,FP,CP
346.01,118327533.0,PC,APC
3512.01,40779013.01,FP,FP
2223.01,273695332.0,PC,PC
2202.01,358107516.0,CP,PC
6655.01,304690618.0,PC,PC
6299.01,285505979.0,PC,PC
711.01,38510224.01,PC,PC
3885.01,55748194.01,FA,FA
1384.01,328167090.0,FP,FP
739.01,279425357.0,PC,APC
517.01,308307606.0,FP,PC
736.01,181804752.0,CP,CP
5924.01,289125016.0,FP,PC
4161.01,441572821.0,PC,PC
6501.01,35973654.01,PC,PC
3190.01,344745774.0,PC,PC
3143.01,384244834.0,PC,PC
7479.01,77202722.01,KP,KP
7010.01,233867481.0,PC,PC
6944.01,421005422.0,PC,PC
4331.01,148833828.0,PC,FP
7273.01,63550960.01,APC,PC
4785.01,50751260.01,PC,FP
2931.01,29505837.01,PC,PC
1180.01,158002130.0,CP,CP
1163.01,375542276.0,PC,APC
1694.01,396740648.0,CP,CP
948.01,146438872.0,APC,FP
5174.01,49428710.01,CP,KP
3816.01,102848207.0,PC,FP
5798.01,305243225.0,KP,KP
406.02,153065527.0,CP,CP
3460.01,39858507.01,PC,KP
2681.01,209408136.0,PC,PC
4267.01,80783538.01,APC,PC
1659.02,288631580.0,PC,PC
1733.01,53427308.01,FP,FP
694.01,55383975.01,FP,CP
2657.01,160004025.0,PC,PC
6565.01,392914193.0,PC,PC
6150.01,434186655.0,PC,PC
4191.01,167905035.0,PC,PC
3573.01,407905370.0,PC,FP
7032.01,22903436.01,PC,CP
2201.01,219306934.0,PC,PC
3946.01,336399144.0,PC,FP
4021.01,10507330.01,PC,FP
5429.01,5800958.01,FP,PC
6981.01,443823169.0,PC,CP
7056.01,110178537.0,KP,APC
1984.01,162246865.0,FP,FP
2622.01,382259755.0,PC,PC
5296.01,241102583.0,FP,PC
6016.01,327369524.0,CP,KP
6218.01,202283090.0,PC,CP
655.01,35516889.01,KP,APC
5859.01,114947483.0,PC,PC
7146.01,402848417.0,PC,PC
1015.01,155044736.0,FP,FP
6881.01,431899136.0,PC,PC
4110.01,230075120.0,FP,PC
6402.01,265076459.0,PC,APC
5000.01,179230828.0,PC,PC
3767.01,274545328.0,PC,PC
2466.01,293612446.0,KP,KP
6649.01,258940847.0,PC,PC
2915.01,89617284.01,PC,PC
5785.01,456367532.0,PC,PC
1370.01,155114483.0,FP,FP
7022.01,125366299.0,PC,PC
2630.01,391900348.0,PC,FP
832.01,350332997.0,FP,PC
5160.01,4165850.01,PC,PC
3307.01,369861728.0,PC,PC
5228.01,154014059.0,PC,PC
3815.01,149995163.0,PC,PC
172.01,29857954.01,CP,FP
1406.01,231736113.0,CP,APC
4136.01,420680343.0,PC,PC
4342.02,354944123.0,CP,CP
4917.01,317362389.0,PC,PC
6225.01,352147273.0,PC,CP
4414.01,1405997635.0,FP,PC
6706.01,411731278.0,PC,APC
314.01,316769613.0,PC,PC
5931.01,24833662.01,PC,PC
4010.03,352682207.0,CP,PC
5316.01,309439436.0,PC,FP
2561.01,422385684.0,PC,PC
629.01,293853437.0,CP,CP
4109.01,230084146.0,PC,PC
5831.01,308504559.0,PC,APC
2324.01,69819610.01,PC,PC
4961.01,420202798.0,PC,CP
2366.01,39218269.01,APC,PC
5908.01,452483795.0,FP,PC
7428.01,13036318.01,PC,PC
6725.01,150320610.0,PC,PC
7247.01,51318828.01,FP,KP
6936.01,63082902.01,PC,PC
4253.01,145249556.0,PC,PC
4945.01,332017079.0,PC,FP
1784.01,241196395.0,APC,APC
3435.01,238162973.0,FP,FP
462.01,420049884.0,PC,FP
4321.01,325081244.0,PC,PC
2532.01,20579360.01,PC,PC
266.01,164767175.0,CP,CP
5972.01,420814525.0,KP,KP
4334.01,128531633.0,PC,PC
6855.01,274017513.0,PC,PC
1804.01,148679712.0,PC,CP
4711.01,177718896.0,PC,PC
278.01,244161191.0,PC,CP
5081.01,203214138.0,KP,CP
5652.01,232628532.0,PC,PC
6559.01,313671132.0,PC,PC
5244.01,352151292.0,PC,PC
3986.01,470911286.0,FP,FP
6966.01,243030574.0,PC,FP
2945.01,286152207.0,PC,PC
6626.01,148691985.0,PC,PC
4793.01,65949719.01,PC,PC
5823.01,248853232.0,KP,KP
6040.01,250839071.0,PC,KP
6656.01,262457587.0,FA,FP
4045.01,298264260.0,PC,PC
1727.01,241225337.0,PC,PC
3488.01,394570569.0,PC,PC
2244.01,1989628303.0,PC,APC
5987.01,284900292.0,PC,PC
4357.01,300011941.0,FP,PC
841.01,238932509.0,PC,PC
3406.01,410159011.0,PC,PC
1418.01,224600500.0,FA,FA
6874.01,4426490.01,FP,KP
5569.01,267484403.0,PC,PC
1151.01,69679391.01,KP,KP
3324.01,304695574.0,PC,PC
5230.01,55778666.01,PC,PC
4596.01,86951294.01,PC,CP
2076.03,27491137.03,CP,CP
1473.01,352413427.0,CP,CP
6983.01,368628986.0,PC,PC
4682.01,449197624.0,FP,APC
2743.01,280212554.0,FP,PC
1175.01,30329585.01,FP,PC
3015.01,357801293.0,PC,PC
3903.01,288434231.0,PC,PC
4887.01,274911400.0,PC,PC
1933.01,172598832.0,KP,PC
5082.01,437011608.0,CP,CP
3201.01,329921262.0,PC,PC
6570.01,73310180.01,PC,PC
2409.01,321068176.0,FA,APC
4343.01,278988097.0,PC,PC
4394.01,341805908.0,FP,PC
5533.01,155093420.0,PC,PC
1142.01,284450803.0,FP,FP
6062.01,122629761.0,PC,CP
3769.01,428251130.0,PC,FP
158.01,403136413.0,FP,FP
1770.01,457138169.0,FP,APC
4527.01,380887434.0,CP,PC
6827.01,302453291.0,PC,PC
987.01,52548453.01,FP,CP
6294.01,434813314.0,PC,PC
5211.01,215595454.0,PC,PC
4661.01,441135051.0,PC,CP
1403.01,328750515.0,FP,FP
2020.01,39903405.01,KP,KP
724.01,339961200.0,PC,CP
5624.02,53498154.02,PC,PC
679.01,308050066.0,FP,APC
487.01,31852980.01,PC,CP
2032.01,470159478.0,APC,PC
4463.01,8599009.01,CP,CP
3208.01,319949055.0,PC,PC
6456.01,270456887.0,APC,APC
3452.01,360475034.0,PC,PC
2234.01,271491157.0,APC,PC
7117.01,199676274.0,APC,PC
6355.01,98613492.01,FP,PC
1731.01,371234684.0,KP,APC
5928.01,387318409.0,PC,PC
3688.01,245509452.0,CP,PC
2172.01,76197937.01,FA,FP
6372.01,115899725.0,PC,PC
6758.01,383313006.0,PC,PC
1375.01,190442486.0,FP,FP
4416.01,79605791.01,PC,APC
6306.01,445370101.0,PC,PC
2848.01,285524410.0,FP,PC
402.02,120896927.0,CP,CP
538.01,237751146.0,FP,FP
1069.01,31858843.01,KP,KP
4196.01,67566164.01,PC,FP
277.01,439456714.0,CP,CP
4339.01,7439481.01,FP,CP
487.02,31852980.02,PC,FP
3975.01,155947004.0,FP,FA
3100.01,162620529.0,PC,PC
6666.01,256429408.0,PC,PC
7004.01,390207998.0,PC,PC
692.01,320417762.0,FA,FP
4999.01,33227166.01,PC,PC
5522.01,366409685.0,APC,APC
5946.01,366846982.0,PC,PC
1816.01,237108272.0,FA,FA
4226.01,127328218.0,PC,PC
2096.02,142748283.0,CP,CP
3380.01,176148945.0,APC,PC
3636.01,61205803.01,KP,KP
4479.01,126606859.0,CP,FA
7005.01,99834321.01,APC,PC
6161.01,188001223.0,PC,PC
5457.01,456971986.0,PC,PC
6025.01,439942982.0,PC,FP
1549.01,191146556.0,FP,FP
5691.01,17652022.01,PC,PC
2353.01,177079323.0,PC,PC
1736.01,408618999.0,CP,CP
3629.01,455784423.0,CP,PC
600.01,134396419.0,FP,PC
5799.01,328081248.0,CP,CP
7276.01,267808774.0,PC,PC
4881.01,359735804.0,PC,PC
4581.02,273231214.0,KP,KP
6275.01,49043968.01,CP,KP
6731.01,9032367.01,PC,PC
5974.01,354173595.0,PC,CP
373.01,9032368.01,FP,PC
5173.01,98669309.01,KP,KP
3833.01,356539624.0,APC,PC
2350.02,47601197.02,PC,FA
5496.01,323658120.0,FP,PC
560.02,101011575.0,CP,CP
6455.01,255588086.0,PC,FP
6358.01,259708416.0,PC,PC
4393.01,107440797.0,PC,FP
338.01,116156517.0,KP,KP
3186.01,363632843.0,PC,PC
4427.01,207339000.0,PC,CP
5084.01,438260486.0,PC,CP
6192.01,194234471.0,PC,PC
7244.01,435673126.0,FP,PC
3842.01,165985431.0,PC,FA
5951.01,154762431.0,PC,PC
5621.01,219467837.0,FP,PC
4944.01,242190195.0,PC,PC
908.01,350153977.0,CP,CP
5945.01,159104028.0,PC,PC
5253.01,284660935.0,APC,APC
1041.01,385624852.0,FP,APC
6035.01,323194443.0,PC,PC
2395.01,144124187.0,PC,KP
2754.01,148233571.0,FP,PC
196.01,234519192.0,PC,FP
1587.01,458914949.0,FP,PC
7475.01,376866659.0,PC,KP
1742.01,219857012.0,CP,PC
2436.01,154568734.0,PC,PC
3441.01,393196631.0,PC,PC
684.01,462162948.0,PC,PC
4495.02,120826158.0,PC,FP
2496.01,160328683.0,PC,APC
3388.01,173860688.0,FP,FP
4866.01,35758536.01,PC,PC
649.01,35582553.01,PC,FP
558.01,207110080.0,CP,FP
4490.01,268924036.0,KP,KP
663.02,54962195.02,CP,CP
6694.01,27414976.01,PC,KP
1340.01,233681149.0,FP,FA
2300.01,280031353.0,PC,PC
5937.01,158552665.0,PC,PC
2671.01,190081497.0,FP,FP
5289.01,176279915.0,PC,PC
756.01,73649615.01,PC,FP
3673.01,452964680.0,PC,PC
4274.01,290388627.0,PC,PC
2136.01,336128819.0,CP,CP
4608.01,427740976.0,PC,PC
6621.01,374908396.0,PC,PC
6814.01,211352962.0,PC,APC
4000.01,283015592.0,PC,PC
6073.01,271424111.0,KP,KP
4111.01,230006888.0,PC,PC
6019.01,125520907.0,PC,PC
2254.01,233688779.0,PC,PC
5366.01,45034406.01,PC,PC
3845.01,156816238.0,FP,PC
6435.01,60189629.01,PC,PC
4621.01,293457754.0,KP,KP
3382.01,13737885.01,PC,KP
1924.01,371443216.0,KP,PC
5546.01,59744366.01,PC,APC
4375.01,343708863.0,FP,PC
2051.01,375850439.0,PC,FP
393.01,29960109.01,FP,CP
7318.01,387414814.0,PC,PC
535.01,280210963.0,KP,KP
627.01,365781372.0,FP,FP
4668.01,142938659.0,PC,CP
4184.01,394357918.0,CP,APC
4389.01,41387532.01,APC,APC
2605.01,146776480.0,APC,CP
6653.01,150901009.0,PC,PC
3030.01,465275307.0,PC,PC
5305.01,408743161.0,PC,PC
3556.01,230840853.0,APC,PC
1749.01,233602827.0,CP,CP
7213.01,336264393.0,PC,PC
7253.01,383358873.0,PC,PC
914.01,153027658.0,FP,FP
3880.01,138973825.0,PC,APC
1939.01,325172035.0,FP,FP
4750.01,317189702.0,PC,APC
3052.01,287584141.0,PC,PC
1949.01,334125713.0,PC,KP
4710.01,144486060.0,PC,FP
7288.01,405689470.0,PC,PC
5872.01,138671052.0,PC,PC
4072.01,85459171.01,PC,FP
4854.01,70780410.01,PC,PC
6832.01,8995204.01,PC,PC
2613.01,52315301.01,PC,PC
4256.01,77102895.01,FP,PC
2048.01,159873822.0,CP,CP
6774.01,79660831.01,PC,PC
1746.01,232650365.0,PC,PC
473.01,52640302.01,KP,KP
5806.01,283621618.0,PC,APC
1092.01,387079085.0,FP,FP
5498.01,262736264.0,PC,PC
1390.01,365389353.0,FP,FP
5420.01,195155818.0,PC,PC
2282.01,237211410.0,PC,PC
5025.01,217838717.0,PC,PC
6449.01,168936945.0,PC,CP
340.01,80439101.01,PC,PC
437.01,32499655.01,KP,PC
3203.01,329609449.0,PC,PC
1952.01,394509844.0,FP,FP
6954.01,443607377.0,PC,KP
1652.01,154867950.0,FP,FP
6121.01,165682741.0,PC,FP
5124.01,306902029.0,FP,FP
593.01,128463355.0,FP,FP
2527.01,126572546.0,PC,FP
5125.01,247906954.0,PC,CP
7283.01,298189384.0,PC,PC
1130.02,254113311.0,CP,CP
939.01,67772767.01,PC,KP
1745.01,232635922.0,PC,CP
6650.01,64837857.01,PC,PC
5824.01,272366748.0,KP,KP
1022.01,47384844.01,FA,FA
6521.01,382187347.0,PC,PC
6331.01,415875608.0,PC,PC
6050.01,339207264.0,PC,PC
1753.01,289580577.0,CP,PC
282.02,29781292.02,FA,APC
2807.01,11936042.01,PC,FP
7497.01,130633912.0,KP,KP
4803.01,19117967.01,PC,PC
4388.01,313554509.0,PC,PC
4180.01,126737992.0,APC,APC
4916.01,454069765.0,KP,PC
995.01,317951248.0,FP,FP
3032.01,401283491.0,PC,PC
432.01,38686737.01,FP,FP
7241.01,456401439.0,PC,PC
1564.01,250724252.0,APC,PC
718.01,150247134.0,FA,PC
3304.01,381789320.0,PC,PC
5789.01,87216634.01,PC,CP
4949.01,401028336.0,PC,PC
3664.01,348437470.0,PC,PC
4728.01,270716565.0,PC,CP
522.01,19451711.01,PC,FA
1271.01,286923464.0,KP,CP
6985.01,59490344.01,PC,PC
1136.02,142276270.0,CP,CP
4630.01,292202337.0,PC,PC
5822.01,466390120.0,KP,KP
1347.02,229747848.0,CP,PC
5966.01,404610583.0,FP,KP
6820.01,350821320.0,PC,PC
6518.01,139314045.0,PC,PC
3580.01,305478010.0,FP,FA
2834.01,156172268.0,PC,KP
2112.01,427320001.0,PC,PC
2912.01,118406995.0,PC,PC
137.01,176957796.0,FA,PC
2983.01,168449943.0,PC,KP
6928.01,45376816.01,PC,PC
6938.01,114600571.0,PC,PC
4460.01,461635621.0,PC,PC
1776.01,21535395.01,CP,PC
2341.01,100267480.0,FP,FP
3423.01,144970275.0,FP,PC
6442.01,97921547.01,CP,APC
7359.01,18023524.01,PC,PC
3945.01,336824844.0,PC,PC
1915.01,98283926.01,KP,PC
5994.01,63283780.01,KP,KP
6214.01,314088020.0,PC,PC
7243.01,288953761.0,PC,PC
166.01,147203645.0,PC,APC
5232.01,69356857.01,CP,PC
1193.01,89643259.01,FP,FP
6989.01,261141602.0,FP,PC
5687.01,281100535.0,APC,KP
714.01,219195044.0,PC,PC
2276.01,198456933.0,PC,PC
6634.01,400491269.0,PC,PC
5227.01,313453776.0,PC,PC
3910.01,158617175.0,PC,PC
7470.01,437444661.0,KP,PC
4173.01,358613376.0,PC,PC
2833.02,238335094.0,PC,PC
7075.01,66266024.01,PC,PC
6390.01,318071201.0,PC,PC
2227.01,405425498.0,APC,PC
5200.01,21101556.01,PC,FP
1190.01,287196418.0,APC,KP
2470.01,298981199.0,PC,PC
957.01,249067445.0,FP,FP
1642.01,229940491.0,APC,FP
5038.01,127115861.0,PC,PC
1116.01,304100538.0,PC,CP
4554.01,369768787.0,PC,PC
3058.01,464711858.0,PC,FP
385.01,300810086.0,FP,PC
4843.01,258051471.0,PC,PC
7423.01,279871772.0,PC,PC
4096.01,272782321.0,PC,PC
768.01,229811538.0,APC,FP
3280.01,290302491.0,PC,PC
3685.01,252118701.0,PC,PC
4474.01,264508014.0,KP,PC
2380.01,176220787.0,KP,KP
2301.01,283829553.0,PC,FP
5435.01,294309873.0,PC,PC
6249.01,456260074.0,PC,PC
7141.01,235717158.0,PC,PC
2913.01,101588793.0,PC,PC
5223.01,377297285.0,PC,PC
5968.01,431810418.0,PC,PC
4679.01,283605976.0,PC,KP
1653.01,156724719.0,PC,FP
7015.01,11894726.01,PC,PC
4386.01,350575997.0,PC,FP
5520.02,374180079.0,KP,KP
5630.01,316416562.0,PC,PC
5387.01,166086403.0,PC,PC
4036.01,367913453.0,FP,FP
7186.01,124895104.0,PC,KP
4288.01,278821913.0,PC,PC
5852.01,387844266.0,PC,PC
2476.01,43868600.01,APC,PC
6863.01,419957314.0,PC,PC
1931.01,162922904.0,KP,PC
565.01,1103432.01,APC,PC
4324.01,408416746.0,PC,CP
4238.01,24615998.01,PC,KP
388.01,422655579.0,KP,FP
761.01,165317334.0,PC,CP
6011.01,414019147.0,PC,PC
5320.01,257562160.0,APC,PC
3778.01,53307409.01,PC,PC
695.01,55559618.01,PC,PC
4319.01,157115010.0,PC,PC
4794.01,95589845.01,PC,KP
5453.01,58997701.01,PC,PC
6446.01,122798633.0,PC,PC
6582.01,438629686.0,PC,PC
2730.01,37240067.01,PC,PC
7009.01,405837291.0,PC,PC
6039.01,272050287.0,FP,FP
5415.01,52517713.01,PC,PC
6920.01,84126162.01,FP,PC
3197.01,331160996.0,PC,PC
5123.01,332022997.0,KP,KP
5206.01,159117779.0,PC,PC
3830.01,445807396.0,PC,PC
4277.01,466682238.0,PC,PC
3808.01,138497780.0,FP,APC
901.01,214361331.0,PC,PC
2281.01,264171144.0,PC,PC
1156.01,117256577.0,FP,FP
867.01,358460246.0,PC,PC
1817.01,285094173.0,PC,KP
7261.01,297413553.0,PC,PC
2874.01,123106490.0,FP,PC
7482.01,188500604.0,PC,PC
6032.01,285466025.0,PC,PC
1269.01,198241702.0,CP,PC
6789.01,90935909.01,PC,PC
5163.01,115010361.0,KP,KP
4397.01,107728509.0,FP,FP
1284.01,267561446.0,FP,FP
6620.01,241592217.0,PC,PC
6376.01,9441591.01,PC,PC
2969.01,36452991.01,PC,PC
2978.01,315096343.0,PC,CP
4067.01,162577466.0,FP,KP
1147.01,288391628.0,FP,FP
722.01,38509907.01,PC,PC
4457.01,299220166.0,KP,KP
4202.01,237603062.0,PC,PC
5730.01,138820713.0,PC,CP
5873.01,353146308.0,PC,PC
154.01,389525208.0,FP,FP
6839.01,126982911.0,PC,PC
6473.01,410303247.0,PC,PC
1357.01,357972447.0,FP,FP
5413.01,269838674.0,PC,KP
5589.01,51094586.01,PC,PC
6109.02,384984325.0,PC,PC
4646.01,286696849.0,PC,CP
820.01,111991770.0,KP,KP
3909.01,161003569.0,PC,PC
7209.01,425706173.0,PC,PC
128.01,391949880.0,CP,CP
3369.01,190981760.0,FP,PC
1004.01,238597883.0,FP,PC
7233.01,394924803.0,PC,PC
3926.01,434171145.0,PC,PC
514.01,366576758.0,KP,FP
712.04,150151262.0,CP,CP
4287.01,290407621.0,PC,PC
3401.01,26051436.01,PC,KP
7192.01,123234747.0,PC,PC
6145.01,404488903.0,PC,PC
3721.01,143687316.0,PC,PC
289.01,201292545.0,PC,FP
793.01,300013921.0,FP,PC
2680.01,219366908.0,FP,PC
1925.01,118956453.0,KP,KP
5059.01,458027465.0,PC,CP
5026.01,161247580.0,PC,PC
5835.01,346859243.0,PC,PC
1599.01,129979528.0,KP,KP
271.01,259511357.0,APC,PC
663.03,54962195.03,CP,PC
1208.01,273985865.0,PC,PC
3415.01,386456916.0,PC,PC
2065.01,356710041.0,APC,PC
1254.01,236714379.0,APC,FP
4329.01,256722647.0,CP,PC
4914.01,49254857.01,CP,APC
3587.01,267373896.0,PC,PC
140.01,140068425.0,APC,FP
4814.01,32004914.01,PC,PC
4410.01,280803800.0,PC,PC
6213.01,430751891.0,PC,PC
6803.01,166495921.0,PC,PC
6204.01,325410269.0,PC,PC
1287.01,352764091.0,PC,PC
3794.01,416539317.0,FA,PC
6193.01,387933822.0,PC,PC
5711.01,441804533.0,PC,PC
108.01,289793076.0,KP,KP
2193.01,401604346.0,CP,APC
3715.01,354293303.0,PC,PC
6528.01,363417404.0,PC,PC
1321.01,195199644.0,FP,FP
547.01,36352297.01,KP,FP
4994.01,277128619.0,CP,PC
3559.01,184468386.0,PC,PC
6119.01,322498101.0,PC,PC
6298.01,285233023.0,FP,PC
564.01,1003831.01,CP,APC
1286.01,277507814.0,APC,PC
5508.01,406140233.0,PC,PC
403.01,257567854.0,KP,KP
3484.01,221882319.0,PC,PC
6229.01,437736517.0,PC,PC
4358.01,273418421.0,PC,PC
1712.01,67926921.01,FP,FP
5659.01,207491214.0,APC,PC
1365.01,367099243.0,FP,FP
3192.01,336613507.0,PC,PC
7194.01,24499407.01,PC,PC
6896.01,9707944.01,PC,PC
6494.01,438376091.0,PC,PC
3766.01,9830791.01,PC,PC
862.01,309254930.0,PC,FP
1811.01,376524552.0,CP,KP
4044.01,307956396.0,FP,FA
6103.01,92590258.01,PC,PC
1387.01,343442463.0,FP,FP
4855.01,44514807.01,PC,PC
1823.01,142381532.0,CP,CP
4075.01,627323667.0,PC,PC
4351.01,358253047.0,PC,PC
5886.01,15682927.01,FP,PC
7501.01,271898990.0,KP,PC
2304.01,70420766.01,PC,PC
6346.01,260040728.0,PC,PC
1956.01,334911765.0,FP,APC
496.01,88977253.01,APC,FP
1325.01,274942910.0,FP,FP
7170.01,63100069.01,PC,PC
6216.01,428317266.0,PC,PC
7418.01,291732201.0,PC,FP
7370.01,97248423.01,PC,PC
5906.01,276376289.0,APC,APC
1087.01,426077080.0,FP,PC
2092.01,393965778.0,PC,FA
7361.01,120487017.0,PC,PC
1461.01,44631965.01,APC,FP
7472.01,145368316.0,KP,KP
784.01,460984940.0,CP,CP
1032.01,146589986.0,PC,FP
1726.02,130181866.0,CP,CP
7355.01,160652910.0,PC,PC
4865.01,143059017.0,APC,APC
4069.01,143009290.0,PC,PC
7343.01,44451202.01,PC,PC
4455.01,138644215.0,KP,FP
5540.01,456305193.0,FP,FP
1658.01,286561122.0,FP,FP
1732.01,470987100.0,PC,PC
4647.02,303204165.0,PC,PC
7027.01,164783371.0,PC,PC
3883.01,99330090.01,FP,FP
2712.01,362026280.0,PC,PC
4104.01,235664497.0,PC,PC
136.01,410153553.0,CP,CP
4092.01,288242606.0,PC,PC
6852.01,166671025.0,PC,PC
3741.01,701926762.0,PC,FA
1725.01,86396382.01,KP,FP
4988.01,445392860.0,PC,PC
7351.01,43921512.01,PC,PC
5439.01,247912728.0,PC,PC
2320.01,207501148.0,FP,FP
1233.02,260647166.0,CP,CP
2900.01,298206077.0,PC,PC
2787.01,270677031.0,PC,PC
3073.01,448744179.0,PC,PC
4532.01,376939759.0,KP,PC
6043.01,453064665.0,KP,KP
4684.01,399757537.0,PC,PC
3911.01,158497525.0,PC,PC
3019.01,45296362.01,PC,PC
6160.01,294904059.0,PC,PC
6567.01,366316586.0,PC,APC
3370.01,131250246.0,PC,PC
5878.01,247172524.0,PC,PC
4732.01,78489364.01,PC,PC
379.01,220396259.0,FP,FP
6188.01,469702377.0,PC,PC
5005.01,282485660.0,CP,PC
486.01,260708537.0,CP,CP
6289.01,292469572.0,PC,PC
516.01,318937509.0,APC,FP
3021.01,45054849.01,PC,PC
3428.01,271486001.0,PC,PC
4137.01,417646390.0,CP,CP
5656.01,458458156.0,PC,PC
3606.01,315907220.0,PC,PC
886.01,120269103.0,FP,PC
4025.01,441730540.0,PC,PC
2004.01,439610306.0,FP,PC
5074.01,6893917.01,KP,KP
5186.01,68453985.01,PC,PC
1852.01,219728669.0,PC,KP
973.01,409459226.0,FP,FP
151.01,382302241.0,FP,FP
7254.01,260767135.0,PC,PC
481.01,339672028.0,CP,CP
1874.01,232641326.0,APC,APC
5136.01,175236511.0,KP,PC
2545.01,149845414.0,CP,CP
1083.01,322270620.0,PC,PC
6686.01,269217040.0,KP,KP
1126.01,405862830.0,FP,FP
6660.01,468178519.0,PC,PC
6096.01,262781201.0,FP,FP
5012.01,245728942.0,PC,PC
2112.02,427320001.0,PC,PC
1812.03,207425167.0,PC,PC
4755.01,267197567.0,PC,APC
1360.01,330468175.0,FP,FP
1213.01,399144800.0,FP,PC
1665.01,354006740.0,FP,FP
2529.01,269333648.0,CP,PC
1553.01,327341626.0,APC,FP
866.01,381976956.0,FA,PC
3550.01,248058363.0,PC,PC
3618.01,65981892.01,PC,PC
6109.01,384984325.0,PC,PC
4805.01,7976072.01,PC,KP
7327.01,279472966.0,PC,PC
5341.01,90669930.01,PC,PC
6834.01,49735922.01,KP,PC
1536.01,445137888.0,FP,FP
2354.01,219766989.0,FP,APC
4706.01,37117064.01,PC,CP
3578.01,358186451.0,FP,FP
2344.01,311179742.0,PC,PC
561.03,377064495.0,CP,CP
613.01,77527511.01,PC,APC
7364.01,236644754.0,PC,PC
6616.01,349503728.0,PC,PC
2803.01,124379043.0,CP,APC
6148.01,371573539.0,PC,PC
6330.01,308120029.0,PC,CP
6254.01,432758245.0,PC,FP
4249.01,269568703.0,PC,PC
4598.01,29017001.01,PC,FP
5631.01,347430350.0,KP,KP
3901.01,357373216.0,PC,PC
4142.01,39573090.01,PC,PC
4113.01,229786610.0,PC,PC
3818.01,99097200.01,PC,PC
699.02,149302744.0,PC,PC
4454.01,48217457.01,KP,KP
553.02,161477033.0,PC,PC
7133.01,420018238.0,PC,PC
4174.01,356822426.0,PC,PC
7071.01,14203588.01,PC,PC
3124.01,454918388.0,PC,PC
654.01,35009898.01,CP,CP
776.02,306996324.0,CP,CP
167.01,149990841.0,PC,PC
5562.01,17307715.01,KP,KP
1082.01,261108236.0,PC,PC
6630.01,312612366.0,PC,PC
6207.01,432422552.0,FP,PC
760.01,162362398.0,APC,FP
4686.01,316875094.0,PC,PC
6564.01,453668803.0,PC,KP
6423.01,141458054.0,PC,PC
1227.01,360156606.0,CP,PC
303.01,145750719.0,KP,PC
5382.01,356472238.0,PC,CP
106.01,38846515.01,KP,PC
2940.01,5224772.01,PC,PC
3878.01,141275395.0,PC,FP
4005.01,395773226.0,FP,FP
3126.01,454876465.0,PC,PC
2269.01,441798995.0,FA,PC
5602.01,101592219.0,PC,PC
2094.01,356016119.0,PC,CP
3994.01,372505528.0,FP,FP
6838.01,278892590.0,KP,PC
4437.01,237205154.0,PC,PC
3682.01,28961316.01,PC,PC
3762.01,9833284.01,PC,FP
550.01,311183180.0,FP,FP
641.01,49079670.01,APC,FP
2228.01,61733521.01,FP,CP
5425.01,429501231.0,APC,APC
839.01,466840711.0,KP,FP
4206.01,281242007.0,PC,PC
1698.01,190223929.0,PC,APC
7304.01,321785052.0,PC,PC
6576.01,304363215.0,PC,PC
3145.01,360816296.0,PC,PC
6477.01,11927677.01,PC,PC
1633.01,165551882.0,FA,PC
2866.01,409896170.0,PC,PC
3183.01,370385007.0,PC,PC
3397.01,154616309.0,PC,PC
863.01,238898571.0,PC,PC
911.01,389070884.0,APC,APC
3534.01,27916356.01,KP,KP
1827.01,390651552.0,CP,CP
2399.01,219701535.0,PC,FP
5293.01,250111245.0,CP,PC
2212.01,280803917.0,PC,PC
4478.01,233823679.0,PC,PC
6594.01,49411575.01,PC,PC
1778.01,39699648.01,CP,CP
3846.01,149918151.0,KP,PC
5486.01,291109653.0,PC,PC
2685.01,161479081.0,PC,PC
4063.01,219499488.0,APC,PC
4680.01,31258738.01,PC,PC
5767.01,351652998.0,PC,PC
3585.01,287591638.0,PC,PC
3596.01,352690548.0,PC,PC
319.01,389753172.0,APC,PC
6995.01,383829317.0,PC,FP
353.01,100099031.0,PC,PC
3648.01,433144048.0,PC,PC
4347.01,32498058.01,PC,PC
3783.01,459755750.0,PC,PC
4654.01,99648579.01,PC,PC
4599.01,307809773.0,CP,CP
1907.01,453789494.0,KP,PC
1199.01,99869022.01,CP,FP
178.05,251848941.1,KP,CP
4965.01,129890791.0,PC,PC
2185.01,355096431.0,PC,PC
173.02,270341214.0,PC,PC
5397.01,18019350.01,PC,PC
887.01,437984134.0,APC,FP
4871.01,168158622.0,PC,APC
6729.01,426032475.0,PC,PC
438.01,468880077.0,PC,CP
5279.01,7681574.01,PC,PC
3817.01,99572130.01,PC,PC
3403.01,133107143.0,PC,PC
6568.01,253126207.0,PC,APC
4268.01,341272282.0,FP,PC
1431.01,375506058.0,CP,KP
5029.01,154400369.0,PC,PC
4015.01,85429139.01,PC,PC
4484.01,272707711.0,PC,KP
2483.01,219151731.0,FP,FP
6650.03,64837857.03,PC,PC
4084.01,346673534.0,PC,PC
2885.01,140019355.0,PC,APC
4648.01,257774438.0,KP,PC
3225.01,401952328.0,PC,PC
6420.01,143526233.0,PC,PC
6352.01,459102737.0,APC,PC
5019.01,420829332.0,PC,FP
4541.01,293432942.0,APC,PC
1021.01,143994283.0,FP,FP
3332.01,194179013.0,FP,PC
7433.01,450012972.0,PC,PC
6555.01,259606227.0,PC,PC
6712.01,192943720.0,PC,FA
1981.01,378613125.0,PC,FP
1066.01,201604954.0,KP,KP
2759.01,134315574.0,FP,PC
5239.01,230290708.0,PC,PC
881.01,237808867.0,FP,FP
4875.01,133512515.0,PC,PC
2204.01,467971286.0,KP,PC
7484.01,68952448.01,KP,KP
4039.01,366120401.0,PC,PC
1656.01,267694283.0,APC,FP
4832.01,186470968.0,PC,PC
4574.01,298428237.0,PC,PC
1078.01,370133522.0,CP,CP
3791.01,400432230.0,PC,FP
2480.01,1449756.01,FP,CP
6447.01,347442932.0,FP,PC
2670.01,190721237.0,PC,CP
3251.01,121194926.0,PC,PC
7296.01,233735354.0,PC,PC
1700.01,23650642.01,FP,FP
4626.01,241442273.0,PC,CP
2981.01,287145649.0,CP,KP
4975.01,304085024.0,PC,PC
1034.01,400595342.0,FP,FP
998.01,54390047.01,FP,FP
7207.01,342276668.0,PC,PC
5273.01,172871230.0,FP,PC
3908.01,165412561.0,APC,KP
4520.01,404243877.0,KP,PC
5001.01,95709395.01,PC,PC
1445.01,259172391.0,PC,PC
1631.01,29054413.01,APC,FA
786.01,375059587.0,PC,PC
4743.01,23725901.01,PC,PC
7025.01,219803922.0,PC,PC
570.01,126733133.0,APC,PC
5145.01,281885301.0,KP,PC
4996.01,384709136.0,PC,PC
3692.01,240864953.0,PC,PC
1589.01,52041724.01,FP,FP
2452.01,219208037.0,FP,APC
2008.01,70887357.01,FP,PC
6843.01,369474541.0,PC,PC
7098.01,313922260.0,PC,PC
3937.01,367425982.0,PC,PC
3593.01,162289289.0,PC,PC
3600.01,343726435.0,PC,PC
4443.01,158241252.0,CP,PC
5998.01,370907864.0,PC,KP
7405.01,374173310.0,PC,PC
2579.01,103751498.0,KP,PC
1027.01,20318757.01,PC,CP
6624.01,443199889.0,PC,PC
5819.01,330218897.0,PC,PC
979.01,5772442.01,FP,FP
6720.01,281541545.0,KP,PC
4885.01,72504752.01,PC,PC
3114.01,94011343.01,PC,CP
2079.01,224298134.0,PC,CP
3341.01,75919790.01,PC,PC
371.01,156016136.0,PC,PC
6941.01,74389253.01,PC,PC
4582.01,219854519.0,CP,CP
6632.01,292349703.0,PC,PC
3487.01,301160638.0,APC,APC
4857.01,35972578.01,PC,PC
1840.01,165987272.0,KP,CP
2962.01,444394183.0,PC,PC
7324.01,210337597.0,PC,PC
1914.01,53750200.01,KP,PC
7089.01,195933415.0,PC,FP
3085.01,376740324.0,FP,PC
1887.01,229586455.0,PC,PC
5897.01,305612552.0,PC,PC
2574.01,159332859.0,PC,PC
2576.01,115453244.0,PC,PC
895.01,250484865.0,FP,FA
5058.01,277034534.0,PC,PC
2306.01,147284470.0,PC,KP
5260.01,326347927.0,FP,KP
174.03,425997655.0,CP,CP
7333.01,160585062.0,PC,PC
6400.01,88999533.01,PC,PC
1391.01,389182138.0,FP,FP
1259.01,288735205.0,CP,KP
3163.01,425316308.0,PC,PC
3763.01,432114158.0,PC,PC
6553.01,324422520.0,PC,PC
5197.01,219431828.0,APC,PC
4318.01,311130133.0,PC,CP
683.01,437248515.0,KP,KP
4327.01,140687214.0,PC,PC
3200.01,330014070.0,PC,PC
6792.01,326327260.0,PC,KP
456.01,77228304.01,FP,APC
6770.01,375297961.0,PC,PC
838.01,461271719.0,FP,APC
3982.01,25773352.01,PC,PC
5241.01,305948428.0,PC,PC
3623.01,422881018.0,PC,PC
2631.01,140067837.0,PC,PC
177.01,262530407.0,CP,CP
7164.01,326470400.0,FP,PC
6633.01,38584799.01,PC,PC
5757.01,219506608.0,PC,PC
4009.01,368734712.0,PC,PC
5637.01,136992839.0,PC,PC
4003.01,399346877.0,PC,PC
4809.01,143724857.0,PC,PC
5583.01,357244603.0,PC,PC
7266.01,125695940.0,PC,PC
4893.01,441234277.0,PC,PC
3355.01,382045742.0,PC,PC
6492.01,47143972.01,PC,PC
3996.01,347011522.0,FP,FP
383.01,167418898.0,FP,APC
421.02,94986319.02,CP,CP
615.01,190496853.0,CP,APC
134.01,234994474.0,CP,PC
4242.01,445582110.0,PC,PC
5856.01,3680800.01,PC,FP
183.01,183979262.0,FP,KP
1713.01,15863518.01,PC,FP
5597.01,85284138.01,PC,PC
1446.02,294471966.0,PC,PC
2418.01,65347776.01,FP,PC
4006.01,390048041.0,FA,PC
354.01,100097716.0,APC,APC
4870.01,446135868.0,PC,PC
429.01,259592689.0,PC,KP
5205.01,419411415.0,CP,KP
2690.01,92359852.01,PC,PC
5524.01,277833995.0,KP,PC
3540.01,17865622.01,CP,PC
7256.01,334798754.0,PC,PC
5747.01,4918918.01,CP,CP
4537.01,251039147.0,PC,PC
1892.01,63698669.01,PC,PC
407.01,349518800.0,APC,PC
6777.01,32443914.01,PC,KP
1238.01,153951307.0,CP,CP
6752.01,87422071.01,PC,PC
6448.01,320411045.0,PC,PC
1578.01,348135793.0,FP,FP
5938.01,452508760.0,PC,PC
3824.01,71134735.01,FA,PC
1288.01,365733349.0,CP,FP
5794.01,273874849.0,KP,KP
7143.01,408548144.0,PC,PC
6584.01,374155286.0,PC,PC
1353.01,279177746.0,FP,FP
1899.01,172370679.0,CP,PC
790.02,308994098.0,PC,PC
3409.01,405485201.0,PC,PC
3576.01,405897415.0,PC,PC
3704.01,367616146.0,PC,PC
3929.01,422554579.0,PC,PC
492.01,17746821.01,KP,KP
1098.01,383390264.0,CP,CP
3228.01,294365631.0,PC,PC
5004.01,384386062.0,PC,PC
3813.01,4605846.01,PC,PC
2695.01,140284353.0,APC,PC
1495.01,431148743.0,FP,FP
3275.01,325275736.0,PC,PC
2974.01,437253811.0,PC,FP
488.01,452866790.0,CP,CP
3904.01,233462817.0,APC,APC
850.01,423670610.0,APC,FP
6485.01,281286325.0,PC,PC
2038.01,235937532.0,APC,FP
6583.01,377771417.0,PC,PC
2028.01,336456596.0,FP,FP
5726.01,71582156.01,CP,PC
1623.01,407394748.0,FP,PC
1008.01,440801822.0,FP,FP
4924.01,307099276.0,PC,PC
3779.01,742648307.0,PC,PC
731.01,34068865.01,CP,CP
767.01,229047362.0,KP,KP
4079.01,444558604.0,PC,PC
526.01,200593988.0,FP,FP
5464.01,171646471.0,PC,APC
2524.01,169249234.0,CP,KP
6848.01,230982415.0,PC,PC
4023.01,470678283.0,PC,PC
1167.01,232967666.0,FP,PC
1976.01,329888006.0,APC,PC
6853.01,197808753.0,PC,PC
4688.01,245793479.0,PC,PC
5169.01,350023518.0,PC,CP
609.01,134404603.0,APC,FP
5594.01,53394475.01,PC,PC
3194.01,333511802.0,PC,PC
1200.01,288185138.0,FP,FP
5992.01,159054620.0,KP,KP
4400.01,231630147.0,PC,PC
244.01,118327550.0,CP,CP
2014.01,198588220.0,KP,KP
5633.01,119131709.0,PC,PC
5225.01,383645563.0,PC,PC
5161.01,277697921.0,PC,PC
897.01,229384040.0,FP,PC
422.01,117979455.0,APC,APC
2224.01,388198242.0,PC,APC
5929.01,92217989.01,PC,PC
1606.01,125735470.0,APC,PC
1226.01,177115354.0,PC,PC
2857.01,419148828.0,APC,PC
6519.01,188128470.0,PC,CP
155.01,129637892.0,PC,PC
1964.01,242083025.0,PC,FP
545.01,37168957.01,KP,KP
5460.01,445990611.0,PC,PC
2437.01,251094370.0,PC,PC
239.01,9725627.01,KP,PC
7377.01,255998336.0,PC,PC
3716.01,155351556.0,PC,FP
3014.01,383806208.0,PC,FP
3305.01,380775661.0,PC,PC
2986.01,148497855.0,PC,PC
3218.01,305739565.0,CP,PC
2783.01,302976834.0,PC,APC
1572.01,292321872.0,FP,FP
5154.01,240849748.0,APC,APC
989.01,207277638.0,APC,FP
4901.01,107017977.0,PC,PC
6261.01,181748381.0,PC,PC
1992.01,147340931.0,FP,FP
405.01,176984236.0,FP,FP
2920.01,48210046.01,PC,PC
447.01,14091633.01,APC,FP
787.01,350584963.0,PC,PC
5961.01,262689575.0,PC,CP
4781.01,176242778.0,PC,APC
2131.01,27848472.01,KP,KP
3603.01,13961554.01,PC,PC
3155.01,457272901.0,APC,PC
214.01,167415965.0,PC,PC
2026.01,407059875.0,PC,PC
6278.01,157230659.0,KP,PC
4340.01,454038613.0,PC,FP
7417.01,25624952.01,FP,PC
6091.01,336255880.0,PC,KP
5267.01,153971295.0,PC,PC
1402.01,259129875.0,FP,FP
6021.01,291685334.0,KP,KP
3297.01,451538240.0,PC,PC
2053.01,315755496.0,FP,PC
3582.01,290308758.0,PC,PC
7335.01,75417968.01,FP,PC
4798.01,274137295.0,PC,PC
4822.01,52936161.01,PC,PC
4348.01,350299588.0,PC,PC
5390.01,8853478.01,PC,CP
2165.01,73560357.01,APC,PC
2558.01,283307274.0,PC,PC
4931.01,296850254.0,PC,PC
6319.01,12980264.01,PC,PC
6469.01,4598935.01,PC,PC
7222.01,466890210.0,PC,PC
185.01,100100827.0,KP,KP
1958.01,356747847.0,PC,FP
854.01,160222069.0,APC,PC
6736.01,324150445.0,PC,PC
1935.01,176685457.0,KP,FP
233.02,415969908.0,PC,PC
3154.01,465176038.0,PC,PC
4954.01,147723246.0,PC,PC
6024.01,56231866.01,FP,PC
761.02,165317334.0,PC,CP
7023.01,230856987.0,PC,PC
4469.01,75262942.01,KP,KP
813.01,55525572.01,CP,PC
2356.01,30947715.01,PC,PC
6200.01,44621795.01,PC,PC
1118.01,90919952.01,FP,PC
5676.01,311133118.0,KP,KP
2884.01,318413374.0,PC,PC
3843.01,841226527.0,FP,PC
6422.01,140740440.0,PC,PC
875.01,14165625.01,PC,PC
5953.01,27863043.01,PC,PC
652.01,22221375.01,CP,CP
990.01,88684250.01,PC,FP
4124.01,150761163.0,PC,PC
3814.01,155873992.0,PC,PC
5062.01,294768072.0,PC,PC
1374.01,190430205.0,FP,FP
2624.01,349410350.0,PC,PC
2778.01,332860211.0,PC,PC
4909.01,272211398.0,PC,PC
1565.01,251384275.0,PC,FP
3108.01,124146529.0,PC,PC
4216.01,187861378.0,FP,FP
4702.01,248690688.0,PC,KP
3877.01,144310492.0,PC,FP
2081.02,321669174.0,PC,CP
3577.01,396133015.0,CP,PC
4787.01,431981595.0,PC,FP
2058.01,326732851.0,FP,FP
6897.01,89043973.01,PC,PC
4494.01,40466976.01,PC,CP
1048.01,384549882.0,FP,FP
6510.01,361154154.0,PC,PC
2494.01,282576340.0,PC,CP
1584.01,418987806.0,FP,PC
3510.01,57753734.01,PC,KP
3553.01,239628993.0,PC,PC
2400.01,260849386.0,FP,FP
6479.01,181208298.0,PC,PC
7406.01,173615288.0,PC,PC
6753.01,301248781.0,PC,PC
430.01,459942762.0,FP,FA
2105.01,156199502.0,PC,PC
1611.01,264678534.0,CP,CP
2592.01,284122875.0,PC,PC
5097.01,203214081.0,KP,CP
3379.01,130191319.0,FP,APC
1734.01,224596152.0,PC,PC
2619.01,31943299.01,PC,PC
2924.01,45048546.01,PC,PC
917.01,207237016.0,PC,FP
4352.01,237332812.0,PC,CP
250.01,184240683.0,KP,KP
5869.01,210169818.0,PC,PC
5962.01,239541449.0,FP,PC
1027.02,20318757.02,PC,PC
6307.01,202869426.0,PC,PC
4580.01,219742885.0,PC,PC
6305.01,320505267.0,PC,PC
6453.01,66242670.01,PC,PC
4176.01,58533991.01,APC,APC
6697.02,441546821.0,PC,PC
912.01,406941612.0,CP,CP
3622.01,432761635.0,PC,PC
6434.01,32296259.01,PC,PC
2082.01,160039081.0,PC,CP
1413.01,119700084.0,PC,PC
7500.01,154796579.0,PC,PC
3169.01,403911354.0,PC,PC
2189.01,270342589.0,PC,PC
5229.01,288428649.0,PC,PC
4766.01,271307949.0,PC,APC
1558.01,117322779.0,FP,FP
1643.01,298647682.0,PC,CP
2319.01,349488688.0,CP,PC
4346.01,389371332.0,FP,PC
6571.01,243550555.0,PC,PC
4942.01,166242494.0,PC,PC
708.01,391821647.0,FP,PC
6685.01,6764171.01,PC,PC
3137.01,395514100.0,PC,PC
5153.01,124029677.0,CP,CP
595.01,287329267.0,FP,FP
6877.01,365007485.0,KP,PC
6613.01,426904354.0,PC,PC
1016.01,175310067.0,FP,PC
7505.01,55871761.01,PC,FP
4156.02,462553953.0,PC,PC
704.01,260004324.0,CP,CP
5442.01,406684949.0,APC,APC
2119.01,236387002.0,CP,FP
7151.01,331619598.0,PC,PC
4811.01,334414389.0,PC,FP
7251.01,298291597.0,PC,PC
2456.01,311271011.0,PC,PC
752.01,61538902.01,KP,KP
1860.01,202426247.0,CP,PC
3198.01,121625070.0,PC,KP
3333.01,193782529.0,PC,PC
5362.01,308522539.0,PC,PC
1764.01,1551345500.0,PC,CP
2628.01,260541432.0,PC,APC
4800.01,280307604.0,PC,APC
3174.01,392112968.0,FP,PC
1793.01,304142124.0,CP,CP
1722.01,85242435.01,PC,CP
5513.01,184869170.0,FP,PC
5156.01,468889418.0,PC,PC
1373.01,176899385.0,KP,KP
1993.01,453464017.0,FP,PC
3408.01,7904580.01,FP,PC
5422.01,80611440.01,PC,PC
5103.01,366443576.0,APC,APC
3988.01,452938965.0,PC,PC
4307.02,141186075.0,PC,PC
5920.01,467006627.0,FP,PC
6738.01,89417257.01,PC,PC
1039.01,461867584.0,APC,PC
2253.01,367855829.0,FA,FA
5276.01,282935857.0,APC,PC
834.01,404340025.0,KP,KP
5702.01,141985686.0,FA,FP
6771.01,61621800.01,PC,PC
5381.01,241174783.0,FP,FP
3312.01,332314607.0,PC,PC
6524.01,356921678.0,PC,PC
5403.01,438519486.0,PC,PC
1692.01,288636342.0,PC,PC
4105.01,233576159.0,PC,PC
2261.01,229787062.0,PC,FP
1378.01,249812036.0,FP,APC
705.01,391904697.0,PC,PC
4168.01,372758077.0,PC,FP
7120.01,64198376.01,PC,PC
4717.01,269190305.0,PC,PC
616.01,145879095.0,PC,PC
5861.01,11034516.01,PC,FP
2140.01,399860444.0,KP,FA
3284.01,166220082.0,PC,APC
2918.01,74881311.01,PC,PC
3485.01,394672497.0,PC,CP
7169.01,372048733.0,PC,KP
7499.01,301031110.0,KP,KP
7018.01,156512187.0,PC,PC
1559.01,241040309.0,PC,PC
2511.01,124702477.0,FP,APC
6535.01,46104747.01,PC,PC
5884.01,13574009.01,PC,FP
2658.01,31634579.01,PC,PC
4107.01,232632239.0,PC,PC
6869.01,28872266.01,PC,PC
363.01,262530780.0,APC,PC
7216.01,69436501.01,PC,PC
7001.01,85113291.01,PC,PC
5948.01,419878932.0,APC,APC
4567.01,307849973.0,PC,PC
275.01,373844472.0,APC,APC
436.01,44745077.01,FP,CP
2162.01,284564230.0,FP,FP
123.01,290131778.0,CP,KP
3296.01,456560485.0,PC,PC
2102.02,289590465.0,PC,PC
6677.01,62085710.01,PC,PC
4382.01,32460142.01,PC,PC
4768.01,108940329.0,PC,APC
5579.01,252928337.0,PC,PC
376.01,144301273.0,PC,PC
723.01,177077336.0,PC,PC
6617.01,439381274.0,PC,PC
626.01,65412605.01,CP,APC
2703.01,43475220.01,PC,PC
6589.01,91794828.01,PC,PC
6457.01,328502522.0,PC,PC
6895.01,252537013.0,FP,PC
5911.01,239361732.0,PC,PC
3538.01,27459498.01,PC,PC
7432.01,192321638.0,PC,PC
5086.01,178217113.0,KP,KP
735.01,150271680.0,FP,PC
579.01,238061845.0,PC,PC
6464.01,190643105.0,PC,PC
3601.01,191202679.0,PC,PC
2154.01,428787891.0,CP,KP
